"","ID","Primary","Enjoyed","Repeat.Search","Browse.Search","Click.Rate","NOT.Enjoyed_Blogs","NOT.Enjoyed_Community.Based","NOT.Enjoyed_Facebook","NOT.Enjoyed_Google","NOT.Enjoyed_Mags","NOT.Enjoyed_Pinterest","NOT.Enjoyed_Reddit","NOT.Enjoyed_TikTok","NOT.Enjoyed_Youtube"
"1",1,"Online Cooking Magazines (New York Times, Bon Appetit, etc.);Blogs (Budget Bytes, Smitten Kitchen, etc.);Google","Online Cooking Magazines (New York Times, Bon Appetit, etc.);Blogs (Budget Bytes, Smitten Kitchen, etc.);Google",1,4,"4 - 7","0","0","1","0","0","1","1","1","1"
"2",2,"Google","Google",5,1,"0 - 3","1","1","1","0","1","1","1","1","1"
"3",3,"YouTube;Online Cooking Magazines (New York Times, Bon Appetit, etc.);Blogs (Budget Bytes, Smitten Kitchen, etc.);Community Based Cooking Websites (AllRecipes, etc.);Edited recipe websites (e.g. Serious Eats)","Online Cooking Magazines (New York Times, Bon Appetit, etc.);Blogs (Budget Bytes, Smitten Kitchen, etc.);Serious Eats, Americaâ€™s Test Kitchen",3,4,"4 - 7","1","0","1","0","0","1","0","1","0"
"4",4,"Google","Online Cooking Magazines (New York Times, Bon Appetit, etc.)",4,2,"0 - 3","0","0","1","0","0","1","1","1","0"
"5",5,"YouTube","Google",1,4,"0 - 3","0","0","0","0","0","0","1","1","0"
"6",6,"Online Cooking Magazines (New York Times, Bon Appetit, etc.);Blogs (Budget Bytes, Smitten Kitchen, etc.)","Online Cooking Magazines (New York Times, Bon Appetit, etc.);Blogs (Budget Bytes, Smitten Kitchen, etc.);Google",3,3,"0 - 3","0","0","1","0","0","1","0","1","0"
"7",7,"Online Cooking Magazines (New York Times, Bon Appetit, etc.)","YouTube;Online Cooking Magazines (New York Times, Bon Appetit, etc.);Community Based Cooking Websites (AllRecipes, etc.);Serious Eats!",4,5,"8 - 11","0","0","0","0","0","1","0","1","0"
"8",8,"Google","Community Based Cooking Websites (AllRecipes, etc.)",2,1,"0 - 3","0","0","1","0","0","0","0","0","0"
"9",9,"Online Cooking Magazines (New York Times, Bon Appetit, etc.);Blogs (Budget Bytes, Smitten Kitchen, etc.);Community Based Cooking Websites (AllRecipes, etc.);Google","Blogs (Budget Bytes, Smitten Kitchen, etc.);Community Based Cooking Websites (AllRecipes, etc.);Google",4,3,"0 - 3","0","0","1","0","0","0","1","1","0"
"10",10,"Online Cooking Magazines (New York Times, Bon Appetit, etc.);Allrecipes ","Pinterest;Online Cooking Magazines (New York Times, Bon Appetit, etc.);Allrecipes ",4,5,"4 - 7","1","0","1","0","0","0","1","1","0"
"11",11,"Blogs (Budget Bytes, Smitten Kitchen, etc.);Community Based Cooking Websites (AllRecipes, etc.);Google","Blogs (Budget Bytes, Smitten Kitchen, etc.);Community Based Cooking Websites (AllRecipes, etc.);Google",5,5,"4 - 7","0","0","0","0","1","0","0","0","0"
"12",12,"Online Cooking Magazines (New York Times, Bon Appetit, etc.);Blogs (Budget Bytes, Smitten Kitchen, etc.);Community Based Cooking Websites (AllRecipes, etc.);Google","TikTok;YouTube;Online Cooking Magazines (New York Times, Bon Appetit, etc.);Blogs (Budget Bytes, Smitten Kitchen, etc.);Community Based Cooking Websites (AllRecipes, etc.);Google",3,3,"0 - 3","0","0","1","0","0","0","0","0","0"
"13",13,"Google","Google",2,1,"0 - 3","0","0","0","0","1","0","0","0","0"
"14",14,"Online Cooking Magazines (New York Times, Bon Appetit, etc.);Community Based Cooking Websites (AllRecipes, etc.);Google","Community Based Cooking Websites (AllRecipes, etc.)",3,5,"4 - 7","0","0","0","0","0","0","0","1","1"
"15",15,"Pinterest;Cooks I follow their websites , ie againstallgrain","Pinterest;Google",2,2,"4 - 7","0","0","0","0","0","0","0","1","1"
"16",16,"YouTube;Google","Google",2,1,"4 - 7","0","0","1","0","0","1","1","1","0"
"17",17,"Online Cooking Magazines (New York Times, Bon Appetit, etc.)","Instagram",5,3,"0 - 3","0","0","0","0","0","0","1","0","0"
"18",18,"Blogs (Budget Bytes, Smitten Kitchen, etc.);Community Based Cooking Websites (AllRecipes, etc.)","Reddit;Google",4,3,"4 - 7","0","0","1","0","0","0","0","0","1"
"19",19,"Blogs (Budget Bytes, Smitten Kitchen, etc.);Community Based Cooking Websites (AllRecipes, etc.)","Blogs (Budget Bytes, Smitten Kitchen, etc.)",4,5,"4 - 7","0","0","0","0","0","0","0","0","1"
"20",20,"TikTok;Pinterest;Online Cooking Magazines (New York Times, Bon Appetit, etc.);Blogs (Budget Bytes, Smitten Kitchen, etc.);Community Based Cooking Websites (AllRecipes, etc.)","TikTok;Pinterest;Online Cooking Magazines (New York Times, Bon Appetit, etc.);Blogs (Budget Bytes, Smitten Kitchen, etc.)",5,4,"0 - 3","0","1","0","0","0","0","0","0","0"
"21",21,"YouTube","YouTube",2,2,"4 - 7","1","1","1","0","1","1","1","1","0"
"22",22,"Blogs (Budget Bytes, Smitten Kitchen, etc.);Community Based Cooking Websites (AllRecipes, etc.);King Arthur Flour","Online Cooking Magazines (New York Times, Bon Appetit, etc.);Blogs (Budget Bytes, Smitten Kitchen, etc.);Community Based Cooking Websites (AllRecipes, etc.);King Arthur Flour, NYTimes, NPR",3,3,"0 - 3","0","0","0","0","1","0","0","0","0"
"23",23,"Pinterest","Pinterest;YouTube;Online Cooking Magazines (New York Times, Bon Appetit, etc.);Google",4,3,"0 - 3","0","0","1","0","0","0","0","0","0"
"24",24,"YouTube;Community Based Cooking Websites (AllRecipes, etc.)","YouTube;Google",2,2,"0 - 3","0","0","0","0","1","1","0","0","0"
"25",25,"Google","Google",3,2,"0 - 3","0","0","1","0","0","0","0","1","0"
"26",26,"YouTube;Blogs (Budget Bytes, Smitten Kitchen, etc.);Community Based Cooking Websites (AllRecipes, etc.);Google","Pinterest;YouTube;Online Cooking Magazines (New York Times, Bon Appetit, etc.);Blogs (Budget Bytes, Smitten Kitchen, etc.);Community Based Cooking Websites (AllRecipes, etc.);Google",2,4,"4 - 7","0","0","1","0","0","0","1","1","0"
"27",27,"YouTube;Blogs (Budget Bytes, Smitten Kitchen, etc.);Community Based Cooking Websites (AllRecipes, etc.);Google","YouTube;Blogs (Budget Bytes, Smitten Kitchen, etc.);Community Based Cooking Websites (AllRecipes, etc.)",4,2,"4 - 7","0","0","0","0","0","0","0","1","0"
"28",28,"Community Based Cooking Websites (AllRecipes, etc.);Google","YouTube;Community Based Cooking Websites (AllRecipes, etc.);Google",3,1,"0 - 3","0","0","1","0","0","1","1","0","0"
"29",29,"YouTube;Online Cooking Magazines (New York Times, Bon Appetit, etc.);Community Based Cooking Websites (AllRecipes, etc.);Google","YouTube;Online Cooking Magazines (New York Times, Bon Appetit, etc.);Community Based Cooking Websites (AllRecipes, etc.)",5,2,"0 - 3","1","0","1","0","0","1","1","1","0"
"30",30,"Google","Google",1,1,"0 - 3","1","0","0","0","0","0","0","0","0"
"31",31,"YouTube","YouTube",3,3,"0 - 3","0","0","1","0","0","0","0","1","0"
"32",32,"Facebook;YouTube;Online Cooking Magazines (New York Times, Bon Appetit, etc.);Blogs (Budget Bytes, Smitten Kitchen, etc.);Community Based Cooking Websites (AllRecipes, etc.)","YouTube;Online Cooking Magazines (New York Times, Bon Appetit, etc.)",4,5,"0 - 3","0","0","0","0","0","1","1","1","0"
"33",33,"YouTube;Online Cooking Magazines (New York Times, Bon Appetit, etc.);Blogs (Budget Bytes, Smitten Kitchen, etc.);Community Based Cooking Websites (AllRecipes, etc.)","YouTube;Blogs (Budget Bytes, Smitten Kitchen, etc.)",4,4,"4 - 7","0","0","1","0","0","0","1","1","0"
"34",34,"Pinterest;Online Cooking Magazines (New York Times, Bon Appetit, etc.);Blogs (Budget Bytes, Smitten Kitchen, etc.)","Blogs (Budget Bytes, Smitten Kitchen, etc.)",5,3,"4 - 7","0","1","1","1","0","0","1","1","1"
"35",35,"YouTube;Online Cooking Magazines (New York Times, Bon Appetit, etc.);Blogs (Budget Bytes, Smitten Kitchen, etc.);Community Based Cooking Websites (AllRecipes, etc.);Google","TikTok;Online Cooking Magazines (New York Times, Bon Appetit, etc.);Blogs (Budget Bytes, Smitten Kitchen, etc.)",4,3,"0 - 3","0","1","0","1","0","0","0","0","0"
"36",36,"Online Cooking Magazines (New York Times, Bon Appetit, etc.);Blogs (Budget Bytes, Smitten Kitchen, etc.);Community Based Cooking Websites (AllRecipes, etc.);Google","Online Cooking Magazines (New York Times, Bon Appetit, etc.);Blogs (Budget Bytes, Smitten Kitchen, etc.);Community Based Cooking Websites (AllRecipes, etc.);Google",4,3,"0 - 3","0","0","1","0","0","0","1","1","0"
"37",37,"Google","Google",2,1,"4 - 7","1","0","0","0","0","1","1","1","1"
"38",38,"YouTube;Online Cooking Magazines (New York Times, Bon Appetit, etc.);Blogs (Budget Bytes, Smitten Kitchen, etc.);Community Based Cooking Websites (AllRecipes, etc.)","YouTube;Online Cooking Magazines (New York Times, Bon Appetit, etc.);Community Based Cooking Websites (AllRecipes, etc.)",2,2,"0 - 3","1","0","0","0","0","0","0","0","0"
"39",39,"Reddit;YouTube;Blogs (Budget Bytes, Smitten Kitchen, etc.);Community Based Cooking Websites (AllRecipes, etc.)","Reddit;YouTube;Blogs (Budget Bytes, Smitten Kitchen, etc.);Google;My family and friends directly",2,2,"0 - 3","0","0","1","0","0","1","0","1","0"
"40",40,"YouTube;Online Cooking Magazines (New York Times, Bon Appetit, etc.);Community Based Cooking Websites (AllRecipes, etc.)","TikTok;YouTube",4,3,"4 - 7","0","0","0","1","0","0","0","0","0"
"41",41,"YouTube;Google","YouTube;Google",3,2,"0 - 3","0","0","1","0","0","0","0","1","0"
"42",42,"Online Cooking Magazines (New York Times, Bon Appetit, etc.);Community Based Cooking Websites (AllRecipes, etc.);epicurious","YouTube;Community Based Cooking Websites (AllRecipes, etc.)",3,1,"0 - 3","0","0","0","0","1","0","0","0","0"
"43",43,"YouTube","YouTube",4,1,"0 - 3","0","0","1","0","0","0","0","0","0"
"44",44,"Online Cooking Magazines (New York Times, Bon Appetit, etc.);Community Based Cooking Websites (AllRecipes, etc.);Google","Community Based Cooking Websites (AllRecipes, etc.)",3,2,"4 - 7","0","0","0","0","1","0","0","0","0"
"45",45,"Online Cooking Magazines (New York Times, Bon Appetit, etc.);Blogs (Budget Bytes, Smitten Kitchen, etc.);Community Based Cooking Websites (AllRecipes, etc.)","Online Cooking Magazines (New York Times, Bon Appetit, etc.)",3,4,"0 - 3","1","0","0","0","0","0","0","0","0"
"46",46,"YouTube;Google","YouTube",5,4,"16 - 19","1","1","0","0","0","0","0","0","0"
"47",47,"YouTube;Google;betty crocker's website","Google;Betty Crocker's website",5,1,"0 - 3","0","0","0","0","0","1","0","0","0"
"48",48,"YouTube;Google","YouTube",3,3,"0 - 3","1","1","1","0","1","1","1","1","0"
"49",49,"Google","Google",3,2,"0 - 3","0","0","0","0","0","1","0","0","0"
"50",50,"TikTok;Online Cooking Magazines (New York Times, Bon Appetit, etc.);Blogs (Budget Bytes, Smitten Kitchen, etc.);Community Based Cooking Websites (AllRecipes, etc.);Google","Google",4,5,"0 - 3","0","0","0","0","0","1","0","0","0"
"51",51,"YouTube;Google","Reddit;YouTube;Google",5,2,"0 - 3","0","0","1","0","0","1","0","1","0"
"52",52,"YouTube;Blogs (Budget Bytes, Smitten Kitchen, etc.)","YouTube",5,4,"0 - 3","0","0","0","0","1","0","0","0","0"
"53",53,"Community Based Cooking Websites (AllRecipes, etc.);Google","Community Based Cooking Websites (AllRecipes, etc.)",1,3,"0 - 3","0","0","1","0","0","1","1","1","1"
"54",54,"Online Cooking Magazines (New York Times, Bon Appetit, etc.);Blogs (Budget Bytes, Smitten Kitchen, etc.);Community Based Cooking Websites (AllRecipes, etc.);Google","Online Cooking Magazines (New York Times, Bon Appetit, etc.);Blogs (Budget Bytes, Smitten Kitchen, etc.);Community Based Cooking Websites (AllRecipes, etc.);Google",4,3,"0 - 3","0","0","0","0","0","1","0","0","1"
"55",55,"Blogs (Budget Bytes, Smitten Kitchen, etc.);Google","YouTube;Blogs (Budget Bytes, Smitten Kitchen, etc.);Google",3,5,"4 - 7","0","0","1","0","0","1","0","1","0"
"56",56,"Online Cooking Magazines (New York Times, Bon Appetit, etc.);Google","Online Cooking Magazines (New York Times, Bon Appetit, etc.);Google",4,4,"4 - 7","1","1","1","0","0","1","1","1","0"
"57",57,"TikTok;Pinterest;Google","TikTok;Google",4,2,"4 - 7","1","1","0","0","0","1","0","0","0"
"58",58,"YouTube;Online Cooking Magazines (New York Times, Bon Appetit, etc.);Blogs (Budget Bytes, Smitten Kitchen, etc.);Community Based Cooking Websites (AllRecipes, etc.);Google","Google",2,3,"4 - 7","0","0","0","0","1","0","0","0","0"
